arm,seed,split,questions,correct,pairs,both_correct,query_sensitivity,truncated
hard_query_negative,7601,iid,400,50,200,0,0.03,0
hard_query_negative,7601,surface,400,49,200,0,0.035,0
hard_query_negative,7601,extrapolation,400,0,200,0,0.01,0
hard_query_negative,7601,counterfactual,400,45,200,0,0.025,0
random_negative_control,7601,iid,400,52,200,0,0.025,0
random_negative_control,7601,surface,400,39,200,0,0.04,0
random_negative_control,7601,extrapolation,400,0,200,0,0.025,0
random_negative_control,7601,counterfactual,400,47,200,0,0.035,0
hard_query_negative,7602,iid,400,52,200,0,0.01,0
hard_query_negative,7602,surface,400,41,200,0,0.03,0
hard_query_negative,7602,extrapolation,400,0,200,0,0.005,0
hard_query_negative,7602,counterfactual,400,40,200,0,0.03,0
random_negative_control,7602,iid,400,60,200,0,0.01,0
random_negative_control,7602,surface,400,43,200,0,0.03,0
random_negative_control,7602,extrapolation,400,0,200,0,0.0,0
random_negative_control,7602,counterfactual,400,41,200,0,0.02,0
hard_query_negative,7603,iid,400,63,200,0,0.01,0
hard_query_negative,7603,surface,400,70,200,0,0.01,0
hard_query_negative,7603,extrapolation,400,0,200,0,0.01,0
hard_query_negative,7603,counterfactual,400,60,200,0,0.02,0
random_negative_control,7603,iid,400,55,200,0,0.005,0
random_negative_control,7603,surface,400,56,200,0,0.02,0
random_negative_control,7603,extrapolation,400,13,200,0,0.035,0
random_negative_control,7603,counterfactual,400,56,200,0,0.0,0
