condition,method,n,answer_mean,answer_std,path_survival,final_true_path,selected_true_path,candidate_evals,decoder_true_in_topk,decoder_final_true_in_topk
id8,r52_ecc_r35,18,0.9444444444444444,0.2290614236454256,1.0,1.0,0.9444444444444444,1608.0,,
id8,r53_topk_decoder,18,0.9444444444444444,0.2290614236454256,1.0,1.0,0.9444444444444444,6677.333333333333,0.9166666666666666,0.8888888888888888
id8,ablation_hard_decode,18,0.7222222222222222,0.44790320823880836,0.8194444444444444,0.7222222222222222,0.6666666666666666,1608.0,0.8125,0.7777777777777778
ood32,r52_ecc_r35,12,1.0,0.0,1.0,1.0,1.0,7752.0,,
ood32,r53_topk_decoder,12,1.0,0.0,1.0,1.0,1.0,31416.0,0.9427083333333334,1.0
ood32,ablation_hard_decode,12,0.16666666666666666,0.3726779962499649,0.3411458333333333,0.16666666666666666,0.16666666666666666,7752.0,0.8046875,1.0
ood64,r52_ecc_r35,12,0.8333333333333334,0.37267799624996495,0.8697916666666666,0.8333333333333334,0.8333333333333334,15944.0,,
ood64,r53_topk_decoder,12,0.5833333333333334,0.4930066485916347,0.7408854166666666,0.5833333333333334,0.5833333333333334,64218.666666666664,0.9453125,0.9166666666666666
ood64,ablation_hard_decode,12,0.0,0.0,0.09505208333333333,0.0,0.0,15944.0,0.8229166666666666,0.8333333333333334
ood128,r52_ecc_r35,6,0.16666666666666666,0.372677996249965,0.3736979166666667,0.16666666666666666,0.16666666666666666,32328.0,,
ood128,r53_topk_decoder,6,0.0,0.0,0.20833333333333334,0.0,0.0,129824.0,0.9309895833333334,0.8333333333333334
ood128,ablation_hard_decode,6,0.16666666666666666,0.372677996249965,0.010416666666666666,0.0,0.0,32328.0,0.8059895833333334,0.8333333333333334